{
	"name": "toggler",
	"title": "Toggler",
	"author": "OmnesPotens",
	"description": "Toggles Vision Effects for Items",
	"version": "0.0.2",
	"minimumCoreVersion": "0.7.7",
	"compatibleCoreVersion": "0.7.8",
	"systems": [
		"dnd5e"
	],
	"minimumSystemVersion": "1.1.1",
	"scripts": [
		"toggler.js"
	],
	"url": "https://github.com/OmnesPotens/foundry/tree/master/toggler",
	"manifest": "https://raw.githubusercontent.com/OmnesPotens/foundry/master/toggler/toggler/module.json",
	"download": "https://github.com/OmnesPotens/foundry/raw/master/toggler/toggler.zip"
}